Entity,Code,Year,number_closedaut_row_owid,number_electaut_row_owid,number_electdem_row_owid,number_libdem_18_row_owid,number_libdem_30_row_owid,number_libdem_60_row_owid,number_libdem_90_row_owid,number_libdem_91plus_row_owid
Africa,,1789,5,0,0,0,0,0,0,0
Africa,,1790,5,0,0,0,0,0,0,0
Africa,,1791,5,0,0,0,0,0,0,0
Africa,,1792,5,0,0,0,0,0,0,0
Africa,,1793,5,0,0,0,0,0,0,0
Africa,,1794,5,0,0,0,0,0,0,0
Africa,,1795,5,0,0,0,0,0,0,0
Africa,,1796,5,0,0,0,0,0,0,0
Africa,,1797,5,0,0,0,0,0,0,0
Africa,,1798,5,0,0,0,0,0,0,0
Africa,,1799,5,0,0,0,0,0,0,0
Africa,,1800,5,0,0,0,0,0,0,0
Africa,,1801,5,0,0,0,0,0,0,0
Africa,,1802,5,0,0,0,0,0,0,0
Africa,,1803,5,0,0,0,0,0,0,0
Africa,,1804,5,0,0,0,0,0,0,0
Africa,,1805,5,0,0,0,0,0,0,0
Africa,,1806,5,0,0,0,0,0,0,0
Africa,,1807,5,0,0,0,0,0,0,0
Africa,,1808,5,0,0,0,0,0,0,0
Africa,,1809,5,0,0,0,0,0,0,0
Africa,,1810,4,0,0,0,0,0,0,0
Africa,,1811,4,0,0,0,0,0,0,0
Africa,,1812,4,0,0,0,0,0,0,0
Africa,,1813,4,0,0,0,0,0,0,0
Africa,,1814,4,0,0,0,0,0,0,0
Africa,,1815,4,0,0,0,0,0,0,0
Africa,,1816,4,0,0,0,0,0,0,0
Africa,,1817,5,0,0,0,0,0,0,0
Africa,,1818,5,0,0,0,0,0,0,0
Africa,,1819,5,0,0,0,0,0,0,0
Africa,,1820,5,0,0,0,0,0,0,0
Africa,,1821,6,0,0,0,0,0,0,0
Africa,,1822,6,0,0,0,0,0,0,0
Africa,,1823,6,0,0,0,0,0,0,0
Africa,,1824,6,0,0,0,0,0,0,0
Africa,,1825,6,0,0,0,0,0,0,0
Africa,,1826,6,0,0,0,0,0,0,0
Africa,,1827,6,0,0,0,0,0,0,0
Africa,,1828,6,0,0,0,0,0,0,0
Africa,,1829,6,0,0,0,0,0,0,0
Africa,,1830,6,0,0,0,0,0,0,0
Africa,,1831,6,0,0,0,0,0,0,0
Africa,,1832,6,0,0,0,0,0,0,0
Africa,,1833,6,0,0,0,0,0,0,0
Africa,,1834,6,0,0,0,0,0,0,0
Africa,,1835,6,0,0,0,0,0,0,0
Africa,,1836,6,0,0,0,0,0,0,0
Africa,,1837,6,0,0,0,0,0,0,0
Africa,,1838,6,0,0,0,0,0,0,0
Africa,,1839,6,0,0,0,0,0,0,0
Africa,,1840,6,0,0,0,0,0,0,0
Africa,,1841,6,0,0,0,0,0,0,0
Africa,,1842,6,0,0,0,0,0,0,0
Africa,,1843,6,0,0,0,0,0,0,0
Africa,,1844,6,0,0,0,0,0,0,0
Africa,,1845,6,0,0,0,0,0,0,0
Africa,,1846,6,0,0,0,0,0,0,0
Africa,,1847,6,0,0,0,0,0,0,0
Africa,,1848,5,1,0,0,0,0,0,0
Africa,,1849,5,1,0,0,0,0,0,0
Africa,,1850,5,1,0,0,0,0,0,0
Africa,,1851,5,1,0,0,0,0,0,0
Africa,,1852,5,1,0,0,0,0,0,0
Africa,,1853,5,1,0,0,0,0,0,0
Africa,,1854,5,1,0,0,0,0,0,0
Africa,,1855,5,1,0,0,0,0,0,0
Africa,,1856,5,1,0,0,0,0,0,0
Africa,,1857,5,1,0,0,0,0,0,0
Africa,,1858,5,1,0,0,0,0,0,0
Africa,,1859,5,1,0,0,0,0,0,0
Africa,,1860,5,1,0,0,0,0,0,0
Africa,,1861,5,1,0,0,0,0,0,0
Africa,,1862,5,1,0,0,0,0,0,0
Africa,,1863,5,1,0,0,0,0,0,0
Africa,,1864,5,1,0,0,0,0,0,0
Africa,,1865,5,1,0,0,0,0,0,0
Africa,,1866,5,1,0,0,0,0,0,0
Africa,,1867,5,1,0,0,0,0,0,0
Africa,,1868,5,1,0,0,0,0,0,0
Africa,,1869,5,1,0,0,0,0,0,0
Africa,,1870,5,1,0,0,0,0,0,0
Africa,,1871,5,1,0,0,0,0,0,0
Africa,,1872,5,1,0,0,0,0,0,0
Africa,,1873,5,1,0,0,0,0,0,0
Africa,,1874,5,1,0,0,0,0,0,0
Africa,,1875,5,1,0,0,0,0,0,0
Africa,,1876,5,1,0,0,0,0,0,0
Africa,,1877,5,1,0,0,0,0,0,0
Africa,,1878,5,1,0,0,0,0,0,0
Africa,,1879,5,1,0,0,0,0,0,0
Africa,,1880,5,1,0,0,0,0,0,0
Africa,,1881,5,1,0,0,0,0,0,0
Africa,,1882,5,1,0,0,0,0,0,0
Africa,,1883,5,1,0,0,0,0,0,0
Africa,,1884,5,1,0,0,0,0,0,0
Africa,,1885,5,1,0,0,0,0,0,0
Africa,,1886,5,1,0,0,0,0,0,0
Africa,,1887,5,1,0,0,0,0,0,0
Africa,,1888,5,1,0,0,0,0,0,0
Africa,,1889,5,1,0,0,0,0,0,0
Africa,,1890,5,1,0,0,0,0,0,0
Africa,,1891,5,1,0,0,0,0,0,0
Africa,,1892,5,1,0,0,0,0,0,0
Africa,,1893,5,1,0,0,0,0,0,0
Africa,,1894,5,1,0,0,0,0,0,0
Africa,,1895,5,1,0,0,0,0,0,0
Africa,,1896,5,1,0,0,0,0,0,0
Africa,,1897,5,1,0,0,0,0,0,0
Africa,,1898,5,1,0,0,0,0,0,0
Africa,,1899,5,1,0,0,0,0,0,0
Africa,,1900,36,1,0,0,0,0,0,0
Africa,,1901,36,1,0,0,0,0,0,0
Africa,,1902,37,1,0,0,0,0,0,0
Africa,,1903,39,1,0,0,0,0,0,0
Africa,,1904,41,1,0,0,0,0,0,0
Africa,,1905,41,1,0,0,0,0,0,0
Africa,,1906,41,1,0,0,0,0,0,0
Africa,,1907,41,1,0,0,0,0,0,0
Africa,,1908,41,1,0,0,0,0,0,0
Africa,,1909,41,1,0,0,0,0,0,0
Africa,,1910,41,2,0,0,0,0,0,0
Africa,,1911,43,2,0,0,0,0,0,0
Africa,,1912,42,2,0,0,0,0,0,0
Africa,,1913,42,2,0,0,0,0,0,0
Africa,,1914,43,2,0,0,0,0,0,0
Africa,,1915,43,2,0,0,0,0,0,0
Africa,,1916,46,2,0,0,0,0,0,0
Africa,,1917,46,2,0,0,0,0,0,0
Africa,,1918,46,2,0,0,0,0,0,0
Africa,,1919,47,2,0,0,0,0,0,0
Africa,,1920,49,2,0,0,0,0,0,0
Africa,,1921,49,2,0,0,0,0,0,0
Africa,,1922,51,2,0,0,0,0,0,0
Africa,,1923,50,3,0,0,0,0,0,0
Africa,,1924,50,3,0,0,0,0,0,0
Africa,,1925,50,3,0,0,0,0,0,0
Africa,,1926,50,3,0,0,0,0,0,0
Africa,,1927,50,3,0,0,0,0,0,0
Africa,,1928,50,3,0,0,0,0,0,0
Africa,,1929,50,3,0,0,0,0,0,0
Africa,,1930,50,3,0,0,0,0,0,0
Africa,,1931,50,3,0,0,0,0,0,0
Africa,,1932,49,3,0,0,0,0,0,0
Africa,,1933,49,3,0,0,0,0,0,0
Africa,,1934,49,3,0,0,0,0,0,0
Africa,,1935,49,3,0,0,0,0,0,0
Africa,,1936,49,3,0,0,0,0,0,0
Africa,,1937,49,3,0,0,0,0,0,0
Africa,,1938,49,3,0,0,0,0,0,0
Africa,,1939,49,3,0,0,0,0,0,0
Africa,,1940,49,3,0,0,0,0,0,0
Africa,,1941,49,3,0,0,0,0,0,0
Africa,,1942,48,3,0,0,0,0,0,0
Africa,,1943,48,3,0,0,0,0,0,0
Africa,,1944,48,3,0,0,0,0,0,0
Africa,,1945,47,4,0,0,0,0,0,0
Africa,,1946,48,4,0,0,0,0,0,0
Africa,,1947,49,4,0,0,0,0,0,0
Africa,,1948,49,4,0,0,0,0,0,0
Africa,,1949,49,4,0,0,0,0,0,0
Africa,,1950,49,4,0,0,0,0,0,0
Africa,,1951,50,4,0,0,0,0,0,0
Africa,,1952,50,4,0,0,0,0,0,0
Africa,,1953,51,3,0,0,0,0,0,0
Africa,,1954,50,4,0,0,0,0,0,0
Africa,,1955,50,4,0,0,0,0,0,0
Africa,,1956,49,5,0,0,0,0,0,0
Africa,,1957,45,9,0,0,0,0,0,0
Africa,,1958,43,11,0,0,0,0,0,0
Africa,,1959,44,10,0,0,0,0,0,0
Africa,,1960,34,19,0,0,0,0,0,0
Africa,,1961,30,24,0,0,0,0,0,0
Africa,,1962,28,26,0,0,0,0,0,0
Africa,,1963,27,27,0,0,0,0,0,0
Africa,,1964,28,26,0,0,0,0,0,0
Africa,,1965,30,24,0,0,0,0,0,0
Africa,,1966,34,20,0,0,0,0,0,0
Africa,,1967,36,17,1,0,0,0,0,0
Africa,,1968,33,18,2,0,0,0,0,0
Africa,,1969,36,16,2,0,0,0,0,0
Africa,,1970,35,17,2,0,0,0,0,0
Africa,,1971,36,16,2,0,0,0,0,0
Africa,,1972,36,14,2,0,0,0,0,0
Africa,,1973,37,13,2,0,0,0,0,0
Africa,,1974,37,14,2,0,0,0,0,0
Africa,,1975,36,14,2,0,0,0,0,0
Africa,,1976,35,15,2,0,0,0,0,0
Africa,,1977,36,15,2,0,0,0,0,0
Africa,,1978,38,13,2,0,0,0,0,0
Africa,,1979,34,18,2,0,0,0,0,0
Africa,,1980,31,19,3,0,0,0,0,0
Africa,,1981,32,19,2,0,0,0,0,0
Africa,,1982,33,18,2,0,0,0,0,0
Africa,,1983,33,17,2,0,0,0,0,0
Africa,,1984,33,18,2,0,0,0,0,0
Africa,,1985,34,18,1,1,0,0,0,0
Africa,,1986,33,19,1,1,0,0,0,0
Africa,,1987,34,18,1,1,0,0,0,0
Africa,,1988,34,17,2,1,0,0,0,0
Africa,,1989,32,19,2,1,0,0,0,0
Africa,,1990,30,19,3,1,0,0,0,0
Africa,,1991,30,18,5,1,0,0,0,0
Africa,,1992,28,20,6,1,0,0,0,0
Africa,,1993,24,21,9,1,0,0,0,0
Africa,,1994,21,23,9,1,0,0,0,0
Africa,,1995,19,23,11,1,0,0,0,0
Africa,,1996,17,23,11,2,0,0,0,0
Africa,,1997,15,27,11,2,0,0,0,0
Africa,,1998,14,28,11,2,0,0,0,0
Africa,,1999,15,27,10,3,0,0,0,0
Africa,,2000,14,28,10,3,0,0,0,0
Africa,,2001,14,29,9,3,0,0,0,0
Africa,,2002,11,29,11,3,0,0,0,0
Africa,,2003,11,27,11,3,1,0,0,0
Africa,,2004,10,29,11,3,1,0,0,0
Africa,,2005,9,31,11,3,1,0,0,0
Africa,,2006,7,32,12,3,1,0,0,0
Africa,,2007,6,33,12,3,1,0,0,0
Africa,,2008,8,30,13,3,1,0,0,0
Africa,,2009,8,32,11,3,1,0,0,0
Africa,,2010,7,31,12,3,1,0,0,0
Africa,,2011,8,30,13,3,1,0,0,0
Africa,,2012,6,31,14,3,1,0,0,0
Africa,,2013,8,29,15,3,1,0,0,0
Africa,,2014,6,27,18,3,0,0,0,0
Africa,,2015,6,29,19,2,0,0,0,0
Africa,,2016,6,28,20,2,0,0,0,0
Africa,,2017,6,28,19,2,1,0,0,0
Africa,,2018,6,28,19,2,1,0,0,0
Africa,,2019,7,29,17,2,1,0,0,0
Africa,,2020,8,29,16,2,1,0,0,0
Africa,,2021,10,28,17,1,0,0,0,0
Africa,,2022,11,28,16,1,0,0,0,0
Asia,,1789,11,0,0,0,0,0,0,0
Asia,,1790,11,0,0,0,0,0,0,0
Asia,,1791,11,0,0,0,0,0,0,0
Asia,,1792,11,0,0,0,0,0,0,0
Asia,,1793,11,0,0,0,0,0,0,0
Asia,,1794,11,0,0,0,0,0,0,0
Asia,,1795,11,0,0,0,0,0,0,0
Asia,,1796,11,0,0,0,0,0,0,0
Asia,,1797,11,0,0,0,0,0,0,0
Asia,,1798,11,0,0,0,0,0,0,0
Asia,,1799,11,0,0,0,0,0,0,0
Asia,,1800,12,0,0,0,0,0,0,0
Asia,,1801,12,0,0,0,0,0,0,0
Asia,,1802,13,0,0,0,0,0,0,0
Asia,,1803,13,0,0,0,0,0,0,0
Asia,,1804,13,0,0,0,0,0,0,0
Asia,,1805,13,0,0,0,0,0,0,0
Asia,,1806,13,0,0,0,0,0,0,0
Asia,,1807,13,0,0,0,0,0,0,0
Asia,,1808,13,0,0,0,0,0,0,0
Asia,,1809,13,0,0,0,0,0,0,0
Asia,,1810,13,0,0,0,0,0,0,0
Asia,,1811,13,0,0,0,0,0,0,0
Asia,,1812,13,0,0,0,0,0,0,0
Asia,,1813,13,0,0,0,0,0,0,0
Asia,,1814,13,0,0,0,0,0,0,0
Asia,,1815,13,0,0,0,0,0,0,0
Asia,,1816,13,0,0,0,0,0,0,0
Asia,,1817,13,0,0,0,0,0,0,0
Asia,,1818,13,0,0,0,0,0,0,0
Asia,,1819,12,0,0,0,0,0,0,0
Asia,,1820,12,0,0,0,0,0,0,0
Asia,,1821,12,0,0,0,0,0,0,0
Asia,,1822,13,0,0,0,0,0,0,0
Asia,,1823,13,0,0,0,0,0,0,0
Asia,,1824,13,0,0,0,0,0,0,0
Asia,,1825,13,0,0,0,0,0,0,0
Asia,,1826,13,0,0,0,0,0,0,0
Asia,,1827,13,0,0,0,0,0,0,0
Asia,,1828,13,0,0,0,0,0,0,0
Asia,,1829,13,0,0,0,0,0,0,0
Asia,,1830,13,0,0,0,0,0,0,0
Asia,,1831,13,0,0,0,0,0,0,0
Asia,,1832,13,0,0,0,0,0,0,0
Asia,,1833,13,0,0,0,0,0,0,0
Asia,,1834,13,0,0,0,0,0,0,0
Asia,,1835,13,0,0,0,0,0,0,0
Asia,,1836,13,0,0,0,0,0,0,0
Asia,,1837,13,0,0,0,0,0,0,0
Asia,,1838,13,0,0,0,0,0,0,0
Asia,,1839,13,0,0,0,0,0,0,0
Asia,,1840,13,0,0,0,0,0,0,0
Asia,,1841,13,0,0,0,0,0,0,0
Asia,,1842,13,0,0,0,0,0,0,0
Asia,,1843,13,0,0,0,0,0,0,0
Asia,,1844,13,0,0,0,0,0,0,0
Asia,,1845,13,0,0,0,0,0,0,0
Asia,,1846,13,0,0,0,0,0,0,0
Asia,,1847,13,0,0,0,0,0,0,0
Asia,,1848,13,0,0,0,0,0,0,0
Asia,,1849,13,0,0,0,0,0,0,0
Asia,,1850,13,0,0,0,0,0,0,0
Asia,,1851,12,0,0,0,0,0,0,0
Asia,,1852,12,0,0,0,0,0,0,0
Asia,,1853,12,0,0,0,0,0,0,0
Asia,,1854,12,0,0,0,0,0,0,0
Asia,,1855,12,0,0,0,0,0,0,0
Asia,,1856,12,0,0,0,0,0,0,0
Asia,,1857,12,0,0,0,0,0,0,0
Asia,,1858,12,0,0,0,0,0,0,0
Asia,,1859,12,0,0,0,0,0,0,0
Asia,,1860,12,0,0,0,0,0,0,0
Asia,,1861,12,0,0,0,0,0,0,0
Asia,,1862,12,0,0,0,0,0,0,0
Asia,,1863,12,0,0,0,0,0,0,0
Asia,,1864,12,0,0,0,0,0,0,0
Asia,,1865,12,0,0,0,0,0,0,0
Asia,,1866,12,0,0,0,0,0,0,0
Asia,,1867,12,0,0,0,0,0,0,0
Asia,,1868,12,0,0,0,0,0,0,0
Asia,,1869,12,0,0,0,0,0,0,0
Asia,,1870,12,0,0,0,0,0,0,0
Asia,,1871,12,0,0,0,0,0,0,0
Asia,,1872,12,0,0,0,0,0,0,0
Asia,,1873,12,0,0,0,0,0,0,0
Asia,,1874,12,0,0,0,0,0,0,0
Asia,,1875,12,0,0,0,0,0,0,0
Asia,,1876,12,0,0,0,0,0,0,0
Asia,,1877,12,0,0,0,0,0,0,0
Asia,,1878,12,0,0,0,0,0,0,0
Asia,,1879,12,0,0,0,0,0,0,0
Asia,,1880,12,0,0,0,0,0,0,0
Asia,,1881,12,0,0,0,0,0,0,0
Asia,,1882,12,0,0,0,0,0,0,0
Asia,,1883,12,0,0,0,0,0,0,0
Asia,,1884,12,0,0,0,0,0,0,0
Asia,,1885,12,0,0,0,0,0,0,0
Asia,,1886,12,0,0,0,0,0,0,0
Asia,,1887,11,0,0,0,0,0,0,0
Asia,,1888,11,0,0,0,0,0,0,0
Asia,,1889,11,0,0,0,0,0,0,0
Asia,,1890,11,0,0,0,0,0,0,0
Asia,,1891,11,0,0,0,0,0,0,0
Asia,,1892,11,0,0,0,0,0,0,0
Asia,,1893,11,0,0,0,0,0,0,0
Asia,,1894,11,0,0,0,0,0,0,0
Asia,,1895,11,0,0,0,0,0,0,0
Asia,,1896,11,0,0,0,0,0,0,0
Asia,,1897,11,0,0,0,0,0,0,0
Asia,,1898,11,0,0,0,0,0,0,0
Asia,,1899,11,0,0,0,0,0,0,0
Asia,,1900,28,0,0,0,0,0,0,0
Asia,,1901,28,0,0,0,0,0,0,0
Asia,,1902,29,0,0,0,0,0,0,0
Asia,,1903,29,0,0,0,0,0,0,0
Asia,,1904,29,0,0,0,0,0,0,0
Asia,,1905,29,0,0,0,0,0,0,0
Asia,,1906,29,0,0,0,0,0,0,0
Asia,,1907,29,0,0,0,0,0,0,0
Asia,,1908,29,0,0,0,0,0,0,0
Asia,,1909,29,0,0,0,0,0,0,0
Asia,,1910,29,0,0,0,0,0,0,0
Asia,,1911,30,0,0,0,0,0,0,0
Asia,,1912,31,0,0,0,0,0,0,0
Asia,,1913,31,0,0,0,0,0,0,0
Asia,,1914,31,0,0,0,0,0,0,0
Asia,,1915,31,0,0,0,0,0,0,0
Asia,,1916,31,0,0,0,0,0,0,0
Asia,,1917,31,0,0,0,0,0,0,0
Asia,,1918,34,0,0,0,0,0,0,0
Asia,,1919,35,0,0,0,0,0,0,0
Asia,,1920,35,0,0,0,0,0,0,0
Asia,,1921,34,0,0,0,0,0,0,0
Asia,,1922,35,1,0,0,0,0,0,0
Asia,,1923,36,0,0,0,0,0,0,0
Asia,,1924,36,0,0,0,0,0,0,0
Asia,,1925,36,0,0,0,0,0,0,0
Asia,,1926,36,0,0,0,0,0,0,0
Asia,,1927,36,0,0,0,0,0,0,0
Asia,,1928,36,0,0,0,0,0,0,0
Asia,,1929,36,0,0,0,0,0,0,0
Asia,,1930,36,0,0,0,0,0,0,0
Asia,,1931,36,0,0,0,0,0,0,0
Asia,,1932,36,0,0,0,0,0,0,0
Asia,,1933,35,1,0,0,0,0,0,0
Asia,,1934,35,1,0,0,0,0,0,0
Asia,,1935,35,1,0,0,0,0,0,0
Asia,,1936,35,1,0,0,0,0,0,0
Asia,,1937,35,1,0,0,0,0,0,0
Asia,,1938,35,1,0,0,0,0,0,0
Asia,,1939,35,1,0,0,0,0,0,0
Asia,,1940,35,1,0,0,0,0,0,0
Asia,,1941,35,1,0,0,0,0,0,0
Asia,,1942,35,1,0,0,0,0,0,0
Asia,,1943,34,2,0,0,0,0,0,0
Asia,,1944,34,2,0,0,0,0,0,0
Asia,,1945,35,3,0,0,0,0,0,0
Asia,,1946,33,5,0,0,0,0,0,0
Asia,,1947,31,8,0,0,0,0,0,0
Asia,,1948,34,7,1,0,0,0,0,0
Asia,,1949,33,6,2,0,0,0,0,0
Asia,,1950,31,7,2,0,0,0,0,0
Asia,,1951,30,8,2,0,0,0,0,0
Asia,,1952,28,8,3,1,0,0,0,0
Asia,,1953,27,9,3,1,0,0,0,0
Asia,,1954,27,9,3,1,0,0,0,0
Asia,,1955,22,13,3,1,0,0,0,0
Asia,,1956,22,13,4,1,0,0,0,0
Asia,,1957,22,13,4,1,0,0,0,0
Asia,,1958,24,12,3,1,0,0,0,0
Asia,,1959,23,13,3,1,0,0,0,0
Asia,,1960,25,11,3,1,0,0,0,0
Asia,,1961,25,11,3,1,0,0,0,0
Asia,,1962,27,9,3,1,0,0,0,0
Asia,,1963,27,9,3,1,0,0,0,0
Asia,,1964,28,8,3,1,0,0,0,0
Asia,,1965,27,9,3,1,0,0,0,0
Asia,,1966,26,9,3,2,0,0,0,0
Asia,,1967,25,10,3,2,0,0,0,0
Asia,,1968,25,10,3,2,0,0,0,0
Asia,,1969,25,10,3,2,0,0,0,0
Asia,,1970,26,9,3,1,1,0,0,0
Asia,,1971,28,10,2,1,1,0,0,0
Asia,,1972,27,9,3,1,1,0,0,0
Asia,,1973,25,12,3,1,1,0,0,0
Asia,,1974,25,12,3,1,1,0,0,0
Asia,,1975,24,14,2,1,1,0,0,0
Asia,,1976,27,10,2,1,1,0,0,0
Asia,,1977,27,8,3,1,1,0,0,0
Asia,,1978,27,8,3,1,1,0,0,0
Asia,,1979,27,9,3,1,1,0,0,0
Asia,,1980,26,11,2,1,1,0,0,0
Asia,,1981,26,11,2,1,1,0,0,0
Asia,,1982,27,10,2,1,0,1,0,0
Asia,,1983,26,12,1,1,0,1,0,0
Asia,,1984,26,12,1,0,1,1,0,0
Asia,,1985,25,13,1,0,1,1,0,0
Asia,,1986,23,15,1,0,1,1,0,0
Asia,,1987,23,15,1,0,1,1,0,0
Asia,,1988,22,14,3,0,1,1,0,0
Asia,,1989,21,15,3,0,1,1,0,0
Asia,,1990,25,17,5,0,1,1,0,0
Asia,,1991,23,17,6,0,1,1,0,0
Asia,,1992,21,18,7,0,1,1,0,0
Asia,,1993,21,18,6,1,1,1,0,0
Asia,,1994,20,19,6,1,1,1,0,0
Asia,,1995,19,20,6,1,1,1,0,0
Asia,,1996,16,23,6,1,0,2,0,0
Asia,,1997,16,22,7,1,0,2,0,0
Asia,,1998,16,21,8,1,0,2,0,0
Asia,,1999,17,19,9,1,0,2,0,0
Asia,,2000,18,19,7,2,0,2,0,0
Asia,,2001,18,17,9,2,0,2,0,0
Asia,,2002,17,18,9,2,0,2,0,0
Asia,,2003,17,18,9,2,0,2,0,0
Asia,,2004,16,18,9,2,0,2,0,0
Asia,,2005,15,21,8,2,0,2,0,0
Asia,,2006,15,22,7,2,0,2,0,0
Asia,,2007,18,21,6,2,0,2,0,0
Asia,,2008,14,24,6,2,0,2,0,0
Asia,,2009,14,22,8,2,0,2,0,0
Asia,,2010,14,21,9,2,0,2,0,0
Asia,,2011,13,22,9,1,1,2,0,0
Asia,,2012,13,21,10,1,1,1,1,0
Asia,,2013,14,23,7,1,1,1,1,0
Asia,,2014,16,20,8,1,1,1,1,0
Asia,,2015,16,19,9,1,1,1,1,0
Asia,,2016,17,18,9,1,1,1,1,0
Asia,,2017,17,19,8,1,1,1,1,0
Asia,,2018,16,20,8,0,2,1,1,0
Asia,,2019,15,20,9,0,2,1,1,0
Asia,,2020,15,20,9,0,2,1,1,0
Asia,,2021,17,18,8,1,2,1,1,0
Asia,,2022,18,17,9,0,2,1,1,0
Europe,,1789,23,0,0,0,0,0,0,0
Europe,,1790,24,1,0,0,0,0,0,0
Europe,,1791,24,1,0,0,0,0,0,0
Europe,,1792,23,2,0,0,0,0,0,0
Europe,,1793,23,2,0,0,0,0,0,0
Europe,,1794,23,2,0,0,0,0,0,0
Europe,,1795,23,2,0,0,0,0,0,0
Europe,,1796,20,3,0,0,0,0,0,0
Europe,,1797,20,3,0,0,0,0,0,0
Europe,,1798,20,3,0,0,0,0,0,0
Europe,,1799,22,1,0,0,0,0,0,0
Europe,,1800,23,1,0,0,0,0,0,0
Europe,,1801,22,1,0,0,0,0,0,0
Europe,,1802,23,1,0,0,0,0,0,0
Europe,,1803,22,1,0,0,0,0,0,0
Europe,,1804,22,1,0,0,0,0,0,0
Europe,,1805,22,1,0,0,0,0,0,0
Europe,,1806,22,1,0,0,0,0,0,0
Europe,,1807,24,1,0,0,0,0,0,0
Europe,,1808,23,1,0,0,0,0,0,0
Europe,,1809,24,1,0,0,0,0,0,0
Europe,,1810,23,1,0,0,0,0,0,0
Europe,,1811,21,1,0,0,0,0,0,0
Europe,,1812,21,1,0,0,0,0,0,0
Europe,,1813,23,1,0,0,0,0,0,0
Europe,,1814,25,1,0,0,0,0,0,0
Europe,,1815,28,1,0,0,0,0,0,0
Europe,,1816,28,1,0,0,0,0,0,0
Europe,,1817,28,1,0,0,0,0,0,0
Europe,,1818,28,1,0,0,0,0,0,0
Europe,,1819,29,1,0,0,0,0,0,0
Europe,,1820,29,1,0,0,0,0,0,0
Europe,,1821,29,1,0,0,0,0,0,0
Europe,,1822,30,1,0,0,0,0,0,0
Europe,,1823,29,2,0,0,0,0,0,0
Europe,,1824,30,1,0,0,0,0,0,0
Europe,,1825,30,1,0,0,0,0,0,0
Europe,,1826,30,1,0,0,0,0,0,0
Europe,,1827,30,1,0,0,0,0,0,0
Europe,,1828,30,1,0,0,0,0,0,0
Europe,,1829,30,1,0,0,0,0,0,0
Europe,,1830,31,1,0,0,0,0,0,0
Europe,,1831,32,1,0,0,0,0,0,0
Europe,,1832,32,2,0,0,0,0,0,0
Europe,,1833,32,2,0,0,0,0,0,0
Europe,,1834,33,2,0,0,0,0,0,0
Europe,,1835,33,2,0,0,0,0,0,0
Europe,,1836,32,3,0,0,0,0,0,0
Europe,,1837,32,3,0,0,0,0,0,0
Europe,,1838,32,3,0,0,0,0,0,0
Europe,,1839,32,3,0,0,0,0,0,0
Europe,,1840,33,2,0,0,0,0,0,0
Europe,,1841,33,2,0,0,0,0,0,0
Europe,,1842,33,2,0,0,0,0,0,0
Europe,,1843,33,2,0,0,0,0,0,0
Europe,,1844,33,2,0,0,0,0,0,0
Europe,,1845,33,2,0,0,0,0,0,0
Europe,,1846,34,2,0,0,0,0,0,0
Europe,,1847,33,2,0,0,0,0,0,0
Europe,,1848,30,7,0,0,0,0,0,0
Europe,,1849,31,5,0,1,0,0,0,0
Europe,,1850,31,5,0,1,0,0,0,0
Europe,,1851,32,4,0,1,0,0,0,0
Europe,,1852,32,4,0,1,0,0,0,0
Europe,,1853,32,4,0,1,0,0,0,0
Europe,,1854,32,4,0,1,0,0,0,0
Europe,,1855,32,4,0,1,0,0,0,0
Europe,,1856,32,4,0,1,0,0,0,0
Europe,,1857,32,4,0,1,0,0,0,0
Europe,,1858,31,5,0,1,0,0,0,0
Europe,,1859,32,4,0,1,0,0,0,0
Europe,,1860,30,4,0,1,0,0,0,0
Europe,,1861,29,4,0,1,0,0,0,0
Europe,,1862,27,4,0,1,0,0,0,0
Europe,,1863,28,4,0,1,0,0,0,0
Europe,,1864,28,4,0,1,0,0,0,0
Europe,,1865,26,6,0,1,0,0,0,0
Europe,,1866,27,5,0,1,0,0,0,0
Europe,,1867,24,5,0,0,1,0,0,0
Europe,,1868,17,5,0,0,1,0,0,0
Europe,,1869,16,6,0,0,1,0,0,0
Europe,,1870,15,7,0,0,1,0,0,0
Europe,,1871,15,7,0,0,1,0,0,0
Europe,,1872,11,7,0,0,1,0,0,0
Europe,,1873,11,7,0,0,1,0,0,0
Europe,,1874,12,5,1,0,1,0,0,0
Europe,,1875,11,6,1,0,1,0,0,0
Europe,,1876,11,6,1,0,1,0,0,0
Europe,,1877,11,6,1,0,1,0,0,0
Europe,,1878,12,6,1,0,1,0,0,0
Europe,,1879,12,6,1,0,0,1,0,0
Europe,,1880,12,6,1,0,0,1,0,0
Europe,,1881,12,6,1,0,0,1,0,0
Europe,,1882,11,7,1,0,0,1,0,0
Europe,,1883,11,7,1,0,0,1,0,0
Europe,,1884,11,7,1,0,0,1,0,0
Europe,,1885,11,7,1,0,0,1,0,0
Europe,,1886,10,8,1,0,0,1,0,0
Europe,,1887,11,7,1,0,0,1,0,0
Europe,,1888,11,7,1,0,0,1,0,0
Europe,,1889,11,7,1,0,0,1,0,0
Europe,,1890,11,7,1,0,0,1,0,0
Europe,,1891,11,7,1,0,0,1,0,0
Europe,,1892,11,7,1,0,0,1,0,0
Europe,,1893,11,7,1,0,0,1,0,0
Europe,,1894,11,7,1,0,0,1,0,0
Europe,,1895,11,7,1,0,0,1,0,0
Europe,,1896,11,7,1,0,0,1,0,0
Europe,,1897,11,6,1,1,0,1,0,0
Europe,,1898,11,7,1,0,0,1,0,0
Europe,,1899,11,7,1,0,0,1,0,0
Europe,,1900,15,6,1,1,0,1,0,0
Europe,,1901,14,7,1,1,0,1,0,0
Europe,,1902,14,6,1,2,0,1,0,0
Europe,,1903,14,6,1,2,0,1,0,0
Europe,,1904,13,6,2,2,0,1,0,0
Europe,,1905,13,6,2,2,0,1,0,0
Europe,,1906,13,5,3,2,0,1,0,0
Europe,,1907,13,5,3,2,0,1,0,0
Europe,,1908,13,5,3,2,0,1,0,0
Europe,,1909,13,5,3,2,0,0,1,0
Europe,,1910,13,5,3,2,0,0,1,0
Europe,,1911,12,6,3,2,0,0,1,0
Europe,,1912,12,6,3,2,0,0,1,0
Europe,,1913,12,6,3,2,0,0,1,0
Europe,,1914,14,6,3,1,0,0,1,0
Europe,,1915,14,7,3,1,0,0,1,0
Europe,,1916,15,6,3,1,0,0,1,0
Europe,,1917,12,9,3,1,0,0,1,0
Europe,,1918,14,7,4,2,0,0,1,0
Europe,,1919,12,7,6,3,0,0,1,0
Europe,,1920,9,9,8,3,1,0,1,0
Europe,,1921,6,8,11,4,1,0,1,0
Europe,,1922,6,7,11,5,1,0,1,0
Europe,,1923,7,5,12,5,1,0,1,0
Europe,,1924,7,5,12,5,1,0,1,0
Europe,,1925,7,5,11,6,1,0,1,0
Europe,,1926,8,5,10,6,1,0,1,0
Europe,,1927,10,4,9,6,1,0,1,0
Europe,,1928,10,4,9,6,1,0,1,0
Europe,,1929,11,3,9,6,1,0,1,0
Europe,,1930,11,3,10,5,1,0,1,0
Europe,,1931,11,3,10,5,1,0,1,0
Europe,,1932,8,4,11,5,0,1,1,0
Europe,,1933,8,6,9,5,0,1,1,0
Europe,,1934,12,4,7,5,0,1,1,0
Europe,,1935,14,3,7,5,0,1,1,0
Europe,,1936,14,3,7,4,1,1,1,0
Europe,,1937,14,4,6,3,2,1,1,0
Europe,,1938,15,3,6,3,2,1,1,0
Europe,,1939,16,1,5,2,3,1,0,1
Europe,,1940,17,2,3,1,2,0,0,1
Europe,,1941,18,2,3,1,2,0,0,1
Europe,,1942,19,1,3,1,2,0,0,1
Europe,,1943,19,2,2,0,3,0,0,1
Europe,,1944,21,1,1,1,3,0,0,1
Europe,,1945,17,3,2,1,3,0,0,1
Europe,,1946,13,2,2,6,3,0,0,1
Europe,,1947,8,5,3,7,3,0,0,1
Europe,,1948,8,4,4,7,3,0,0,1
Europe,,1949,10,3,3,9,2,1,0,1
Europe,,1950,10,3,3,9,2,1,0,1
Europe,,1951,11,2,3,9,2,1,0,1
Europe,,1952,12,1,3,9,1,2,0,1
Europe,,1953,12,1,3,9,1,2,0,1
Europe,,1954,12,1,3,9,1,2,0,1
Europe,,1955,12,1,3,9,0,3,0,1
Europe,,1956,12,1,2,10,0,3,0,1
Europe,,1957,11,2,2,10,0,3,0,1
Europe,,1958,10,3,2,10,0,3,0,1
Europe,,1959,11,3,1,10,0,3,0,1
Europe,,1960,10,4,1,10,0,3,0,1
Europe,,1961,11,3,1,10,0,3,0,1
Europe,,1962,10,4,1,9,1,3,0,1
Europe,,1963,10,3,2,9,1,3,0,1
Europe,,1964,10,3,2,4,6,3,0,1
Europe,,1965,10,3,2,3,7,3,0,1
Europe,,1966,10,3,2,3,7,3,0,1
Europe,,1967,11,2,2,1,9,3,0,1
Europe,,1968,11,2,2,1,9,3,0,1
Europe,,1969,11,2,2,1,9,3,0,1
Europe,,1970,11,2,1,2,9,3,0,1
Europe,,1971,11,2,1,2,9,3,0,1
Europe,,1972,11,2,1,2,9,3,0,1
Europe,,1973,11,2,1,2,9,3,0,1
Europe,,1974,10,3,1,1,9,4,0,1
Europe,,1975,10,1,3,1,9,4,0,1
Europe,,1976,9,1,3,2,4,9,0,1
Europe,,1977,9,1,2,3,3,10,0,1
Europe,,1978,9,0,3,3,3,10,0,1
Europe,,1979,9,0,3,3,1,11,1,1
Europe,,1980,9,0,3,3,1,11,1,1
Europe,,1981,9,0,3,3,1,11,1,1
Europe,,1982,9,0,3,3,1,10,2,1
Europe,,1983,9,0,2,4,1,10,2,1
Europe,,1984,9,0,2,4,1,10,2,1
Europe,,1985,9,0,2,4,1,9,3,1
Europe,,1986,9,0,2,4,0,10,3,1
Europe,,1987,9,0,2,4,0,10,3,1
Europe,,1988,9,0,2,3,1,10,3,1
Europe,,1989,8,2,2,3,1,10,3,1
Europe,,1990,4,2,10,5,1,10,3,1
Europe,,1991,3,4,8,7,1,10,3,1
Europe,,1992,2,4,10,7,1,10,3,1
Europe,,1993,2,4,9,8,1,10,3,1
Europe,,1994,1,5,10,7,2,10,3,1
Europe,,1995,1,5,10,6,3,10,3,1
Europe,,1996,0,7,8,7,3,10,3,1
Europe,,1997,0,6,9,7,3,10,3,1
Europe,,1998,0,7,9,7,3,10,3,1
Europe,,1999,1,8,7,8,3,10,3,1
Europe,,2000,1,7,8,8,2,11,3,1
Europe,,2001,1,6,9,7,3,11,3,1
Europe,,2002,0,6,10,7,3,11,3,1
Europe,,2003,0,5,11,7,3,11,3,1
Europe,,2004,0,4,11,8,3,10,4,1
Europe,,2005,0,4,11,8,3,10,4,1
Europe,,2006,0,4,10,9,2,6,9,1
Europe,,2007,0,4,9,10,1,6,10,1
Europe,,2008,0,4,9,8,3,6,10,1
Europe,,2009,0,3,10,6,5,4,11,2
Europe,,2010,0,3,11,6,4,4,11,2
Europe,,2011,0,5,9,5,5,4,11,2
Europe,,2012,0,5,9,5,5,4,10,3
Europe,,2013,0,6,10,3,4,5,10,3
Europe,,2014,0,6,9,3,5,5,10,3
Europe,,2015,0,6,9,3,5,5,9,4
Europe,,2016,0,6,12,2,3,4,10,4
Europe,,2017,0,5,12,2,4,4,10,4
Europe,,2018,0,7,11,2,4,3,10,4
Europe,,2019,0,7,11,2,4,3,10,4
Europe,,2020,0,6,13,3,2,3,10,4
Europe,,2021,0,5,16,3,2,2,9,4
Europe,,2022,0,6,15,2,3,2,9,4
North America,,1789,6,0,0,0,0,0,0,0
North America,,1790,6,0,0,0,0,0,0,0
North America,,1791,6,0,0,0,0,0,0,0
North America,,1792,6,0,0,0,0,0,0,0
North America,,1793,6,0,0,0,0,0,0,0
North America,,1794,6,0,0,0,0,0,0,0
North America,,1795,6,0,0,0,0,0,0,0
North America,,1796,5,1,0,0,0,0,0,0
North America,,1797,5,1,0,0,0,0,0,0
North America,,1798,5,1,0,0,0,0,0,0
North America,,1799,5,1,0,0,0,0,0,0
North America,,1800,5,1,0,0,0,0,0,0
North America,,1801,5,1,0,0,0,0,0,0
North America,,1802,5,1,0,0,0,0,0,0
North America,,1803,5,1,0,0,0,0,0,0
North America,,1804,5,1,0,0,0,0,0,0
North America,,1805,5,1,0,0,0,0,0,0
North America,,1806,5,1,0,0,0,0,0,0
North America,,1807,5,1,0,0,0,0,0,0
North America,,1808,5,1,0,0,0,0,0,0
North America,,1809,5,1,0,0,0,0,0,0
North America,,1810,5,1,0,0,0,0,0,0
North America,,1811,5,1,0,0,0,0,0,0
North America,,1812,5,1,0,0,0,0,0,0
North America,,1813,5,1,0,0,0,0,0,0
North America,,1814,5,1,0,0,0,0,0,0
North America,,1815,5,1,0,0,0,0,0,0
North America,,1816,5,1,0,0,0,0,0,0
North America,,1817,5,1,0,0,0,0,0,0
North America,,1818,5,1,0,0,0,0,0,0
North America,,1819,5,1,0,0,0,0,0,0
North America,,1820,5,1,0,0,0,0,0,0
North America,,1821,5,1,0,0,0,0,0,0
North America,,1822,4,1,0,0,0,0,0,0
North America,,1823,4,1,0,0,0,0,0,0
North America,,1824,4,1,0,0,0,0,0,0
North America,,1825,4,1,0,0,0,0,0,0
North America,,1826,4,1,0,0,0,0,0,0
North America,,1827,4,1,0,0,0,0,0,0
North America,,1828,4,1,0,0,0,0,0,0
North America,,1829,4,1,0,0,0,0,0,0
North America,,1830,4,1,0,0,0,0,0,0
North America,,1831,4,1,0,0,0,0,0,0
North America,,1832,4,1,0,0,0,0,0,0
North America,,1833,4,1,0,0,0,0,0,0
North America,,1834,4,1,0,0,0,0,0,0
North America,,1835,4,1,0,0,0,0,0,0
North America,,1836,4,1,0,0,0,0,0,0
North America,,1837,4,1,0,0,0,0,0,0
North America,,1838,7,1,0,0,0,0,0,0
North America,,1839,7,2,0,0,0,0,0,0
North America,,1840,7,2,0,0,0,0,0,0
North America,,1841,9,1,0,0,0,0,0,0
North America,,1842,7,3,0,0,0,0,0,0
North America,,1843,7,3,0,0,0,0,0,0
North America,,1844,7,4,0,0,0,0,0,0
North America,,1845,7,4,0,0,0,0,0,0
North America,,1846,8,3,0,0,0,0,0,0
North America,,1847,7,4,0,0,0,0,0,0
North America,,1848,6,5,0,0,0,0,0,0
North America,,1849,5,5,0,0,0,0,0,0
North America,,1850,5,5,0,0,0,0,0,0
North America,,1851,5,5,0,0,0,0,0,0
North America,,1852,6,5,0,0,0,0,0,0
North America,,1853,6,5,0,0,0,0,0,0
North America,,1854,6,5,0,0,0,0,0,0
North America,,1855,6,5,0,0,0,0,0,0
North America,,1856,7,4,0,0,0,0,0,0
North America,,1857,7,4,0,0,0,0,0,0
North America,,1858,8,3,0,0,0,0,0,0
North America,,1859,8,3,0,0,0,0,0,0
North America,,1860,8,3,0,0,0,0,0,0
North America,,1861,8,3,0,0,0,0,0,0
North America,,1862,8,3,0,0,0,0,0,0
North America,,1863,10,1,0,0,0,0,0,0
North America,,1864,9,2,0,0,0,0,0,0
North America,,1865,8,3,0,0,0,0,0,0
North America,,1866,8,3,0,0,0,0,0,0
North America,,1867,7,3,0,0,0,0,0,0
North America,,1868,8,3,0,0,0,0,0,0
North America,,1869,8,3,0,0,0,0,0,0
North America,,1870,7,4,0,0,0,0,0,0
North America,,1871,8,3,0,0,0,0,0,0
North America,,1872,8,3,0,0,0,0,0,0
North America,,1873,7,4,0,0,0,0,0,0
North America,,1874,7,4,0,0,0,0,0,0
North America,,1875,7,4,0,0,0,0,0,0
North America,,1876,7,4,0,0,0,0,0,0
North America,,1877,9,2,0,0,0,0,0,0
North America,,1878,8,3,0,0,0,0,0,0
North America,,1879,7,3,0,0,0,0,0,0
North America,,1880,6,5,0,0,0,0,0,0
North America,,1881,6,5,0,0,0,0,0,0
North America,,1882,6,5,0,0,0,0,0,0
North America,,1883,6,5,0,0,0,0,0,0
North America,,1884,6,5,0,0,0,0,0,0
North America,,1885,8,3,0,0,0,0,0,0
North America,,1886,8,3,0,0,0,0,0,0
North America,,1887,7,4,0,0,0,0,0,0
North America,,1888,7,4,0,0,0,0,0,0
North America,,1889,6,5,0,0,0,0,0,0
North America,,1890,8,3,0,0,0,0,0,0
North America,,1891,8,3,0,0,0,0,0,0
North America,,1892,7,4,0,0,0,0,0,0
North America,,1893,7,4,0,0,0,0,0,0
North America,,1894,7,4,0,0,0,0,0,0
North America,,1895,7,4,0,0,0,0,0,0
North America,,1896,8,3,0,0,0,0,0,0
North America,,1897,7,4,0,0,0,0,0,0
North America,,1898,8,3,0,0,0,0,0,0
North America,,1899,7,4,0,0,0,0,0,0
North America,,1900,8,6,0,0,0,0,0,0
North America,,1901,8,6,0,0,0,0,0,0
North America,,1902,8,6,0,0,0,0,0,0
North America,,1903,9,6,0,0,0,0,0,0
North America,,1904,8,7,0,0,0,0,0,0
North America,,1905,7,7,0,0,0,0,0,0
North America,,1906,9,6,0,0,0,0,0,0
North America,,1907,9,6,0,0,0,0,0,0
North America,,1908,10,5,0,0,0,0,0,0
North America,,1909,9,6,0,0,0,0,0,0
North America,,1910,9,6,0,0,0,0,0,0
North America,,1911,9,6,0,0,0,0,0,0
North America,,1912,7,7,0,0,0,0,0,0
North America,,1913,5,9,0,0,0,0,0,0
North America,,1914,5,9,0,0,0,0,0,0
North America,,1915,6,8,0,0,0,0,0,0
North America,,1916,7,8,0,0,0,0,0,0
North America,,1917,9,6,0,0,0,0,0,0
North America,,1918,8,5,0,0,0,0,0,0
North America,,1919,8,6,0,0,0,0,0,0
North America,,1920,6,7,1,0,0,0,0,0
North America,,1921,6,6,2,0,0,0,0,0
North America,,1922,6,5,2,0,0,0,0,0
North America,,1923,5,6,2,0,0,0,0,0
North America,,1924,5,6,2,0,0,0,0,0
North America,,1925,4,7,2,0,0,0,0,0
North America,,1926,4,7,2,0,0,0,0,0
North America,,1927,6,5,2,0,0,0,0,0
North America,,1928,6,6,2,0,0,0,0,0
North America,,1929,7,5,2,0,0,0,0,0
North America,,1930,6,6,2,0,0,0,0,0
North America,,1931,5,7,2,0,0,0,0,0
North America,,1932,5,7,2,0,0,0,0,0
North America,,1933,6,6,2,0,0,0,0,0
North America,,1934,6,7,2,0,0,0,0,0
North America,,1935,8,5,2,0,0,0,0,0
North America,,1936,7,6,2,0,0,0,0,0
North America,,1937,7,6,2,0,0,0,0,0
North America,,1938,7,6,2,0,0,0,0,0
North America,,1939,7,6,2,0,0,0,0,0
North America,,1940,7,6,2,0,0,0,0,0
North America,,1941,7,6,2,0,0,0,0,0
North America,,1942,7,6,2,0,0,0,0,0
North America,,1943,7,6,2,0,0,0,0,0
North America,,1944,6,7,2,0,0,0,0,0
North America,,1945,6,7,2,0,0,0,0,0
North America,,1946,7,6,2,0,0,0,0,0
North America,,1947,6,7,2,0,0,0,0,0
North America,,1948,7,6,2,0,0,0,0,0
North America,,1949,7,6,2,0,0,0,0,0
North America,,1950,6,6,3,0,0,0,0,0
North America,,1951,7,5,3,0,0,0,0,0
North America,,1952,7,5,3,0,0,0,0,0
North America,,1953,6,6,3,0,0,0,0,0
North America,,1954,7,5,3,0,0,0,0,0
North America,,1955,6,5,4,0,0,0,0,0
North America,,1956,4,7,4,0,0,0,0,0
North America,,1957,3,8,4,0,0,0,0,0
North America,,1958,4,7,4,0,0,0,0,0
North America,,1959,5,6,4,0,0,0,0,0
North America,,1960,5,5,5,0,0,0,0,0
North America,,1961,7,3,5,0,0,0,0,0
North America,,1962,6,3,6,0,0,0,0,0
North America,,1963,4,5,6,0,0,0,0,0
North America,,1964,5,4,6,0,0,0,0,0
North America,,1965,4,5,6,0,0,0,0,0
North America,,1966,4,5,6,0,0,0,0,0
North America,,1967,3,6,6,0,0,0,0,0
North America,,1968,4,5,6,0,0,0,0,0
North America,,1969,4,5,5,1,0,0,0,0
North America,,1970,4,5,5,1,0,0,0,0
North America,,1971,3,6,5,1,0,0,0,0
North America,,1972,4,5,5,1,0,0,0,0
North America,,1973,4,4,5,1,0,0,0,0
North America,,1974,5,4,5,1,0,0,0,0
North America,,1975,5,4,5,1,0,0,0,0
North America,,1976,5,4,4,2,0,0,0,0
North America,,1977,5,5,3,2,0,0,0,0
North America,,1978,5,5,3,2,0,0,0,0
North America,,1979,6,4,3,2,0,0,0,0
North America,,1980,6,3,4,2,0,0,0,0
North America,,1981,6,4,3,2,0,0,0,0
North America,,1982,6,3,4,2,0,0,0,0
North America,,1983,6,3,4,2,0,0,0,0
North America,,1984,5,2,5,2,0,0,0,0
North America,,1985,4,4,5,2,0,0,0,0
North America,,1986,3,5,5,2,0,0,0,0
North America,,1987,3,5,5,1,1,0,0,0
North America,,1988,2,6,5,1,1,0,0,0
North America,,1989,3,5,4,2,1,0,0,0
North America,,1990,3,5,4,2,1,0,0,0
North America,,1991,1,6,5,2,1,0,0,0
North America,,1992,2,5,5,2,1,0,0,0
North America,,1993,2,5,5,2,1,0,0,0
North America,,1994,1,5,6,1,2,0,0,0
North America,,1995,1,5,6,1,2,0,0,0
North America,,1996,1,3,8,1,2,0,0,0
North America,,1997,1,2,9,1,2,0,0,0
North America,,1998,1,2,9,1,2,0,0,0
North America,,1999,1,1,10,1,1,1,0,0
North America,,2000,1,1,10,1,1,1,0,0
North America,,2001,1,1,10,1,1,1,0,0
North America,,2002,1,1,10,1,1,1,0,0
North America,,2003,1,1,10,1,1,1,0,0
North America,,2004,2,0,10,1,1,1,0,0
North America,,2005,2,0,9,2,1,1,0,0
North America,,2006,1,1,9,2,0,2,0,0
North America,,2007,1,2,8,1,1,2,0,0
North America,,2008,1,2,8,1,1,2,0,0
North America,,2009,1,3,7,1,1,2,0,0
North America,,2010,1,3,7,1,1,2,0,0
North America,,2011,1,3,7,1,1,2,0,0
North America,,2012,1,3,7,1,1,2,0,0
North America,,2013,1,3,7,1,1,2,0,0
North America,,2014,1,3,7,1,1,2,0,0
North America,,2015,1,3,6,2,1,2,0,0
North America,,2016,1,3,6,2,1,2,0,0
North America,,2017,1,3,6,2,1,2,0,0
North America,,2018,1,3,6,2,1,2,0,0
North America,,2019,1,3,5,3,0,3,0,0
North America,,2020,1,3,7,2,0,2,0,0
North America,,2021,1,5,5,2,0,2,0,0
North America,,2022,1,4,7,1,0,2,0,0
Oceania,,1789,1,0,0,0,0,0,0,0
Oceania,,1790,1,0,0,0,0,0,0,0
Oceania,,1791,1,0,0,0,0,0,0,0
Oceania,,1792,1,0,0,0,0,0,0,0
Oceania,,1793,1,0,0,0,0,0,0,0
Oceania,,1794,1,0,0,0,0,0,0,0
Oceania,,1795,1,0,0,0,0,0,0,0
Oceania,,1796,1,0,0,0,0,0,0,0
Oceania,,1797,1,0,0,0,0,0,0,0
Oceania,,1798,1,0,0,0,0,0,0,0
Oceania,,1799,1,0,0,0,0,0,0,0
Oceania,,1800,1,0,0,0,0,0,0,0
Oceania,,1801,1,0,0,0,0,0,0,0
Oceania,,1802,1,0,0,0,0,0,0,0
Oceania,,1803,1,0,0,0,0,0,0,0
Oceania,,1804,1,0,0,0,0,0,0,0
Oceania,,1805,1,0,0,0,0,0,0,0
Oceania,,1806,1,0,0,0,0,0,0,0
Oceania,,1807,1,0,0,0,0,0,0,0
Oceania,,1808,1,0,0,0,0,0,0,0
Oceania,,1809,1,0,0,0,0,0,0,0
Oceania,,1810,1,0,0,0,0,0,0,0
Oceania,,1811,1,0,0,0,0,0,0,0
Oceania,,1812,1,0,0,0,0,0,0,0
Oceania,,1813,1,0,0,0,0,0,0,0
Oceania,,1814,1,0,0,0,0,0,0,0
Oceania,,1815,1,0,0,0,0,0,0,0
Oceania,,1816,1,0,0,0,0,0,0,0
Oceania,,1817,1,0,0,0,0,0,0,0
Oceania,,1818,1,0,0,0,0,0,0,0
Oceania,,1819,1,0,0,0,0,0,0,0
Oceania,,1820,1,0,0,0,0,0,0,0
Oceania,,1821,1,0,0,0,0,0,0,0
Oceania,,1822,1,0,0,0,0,0,0,0
Oceania,,1823,1,0,0,0,0,0,0,0
Oceania,,1824,1,0,0,0,0,0,0,0
Oceania,,1825,1,0,0,0,0,0,0,0
Oceania,,1826,1,0,0,0,0,0,0,0
Oceania,,1827,1,0,0,0,0,0,0,0
Oceania,,1828,1,0,0,0,0,0,0,0
Oceania,,1829,1,0,0,0,0,0,0,0
Oceania,,1830,1,0,0,0,0,0,0,0
Oceania,,1831,1,0,0,0,0,0,0,0
Oceania,,1832,1,0,0,0,0,0,0,0
Oceania,,1833,1,0,0,0,0,0,0,0
Oceania,,1834,1,0,0,0,0,0,0,0
Oceania,,1835,1,0,0,0,0,0,0,0
Oceania,,1836,1,0,0,0,0,0,0,0
Oceania,,1837,1,0,0,0,0,0,0,0
Oceania,,1838,1,0,0,0,0,0,0,0
Oceania,,1839,1,0,0,0,0,0,0,0
Oceania,,1840,1,0,0,0,0,0,0,0
Oceania,,1841,1,0,0,0,0,0,0,0
Oceania,,1842,1,0,0,0,0,0,0,0
Oceania,,1843,1,0,0,0,0,0,0,0
Oceania,,1844,1,0,0,0,0,0,0,0
Oceania,,1845,1,0,0,0,0,0,0,0
Oceania,,1846,1,0,0,0,0,0,0,0
Oceania,,1847,1,0,0,0,0,0,0,0
Oceania,,1848,1,0,0,0,0,0,0,0
Oceania,,1849,1,0,0,0,0,0,0,0
Oceania,,1850,1,0,0,0,0,0,0,0
Oceania,,1851,1,0,0,0,0,0,0,0
Oceania,,1852,1,0,0,0,0,0,0,0
Oceania,,1853,2,0,0,0,0,0,0,0
Oceania,,1854,2,0,0,0,0,0,0,0
Oceania,,1855,2,0,0,0,0,0,0,0
Oceania,,1856,1,1,0,0,0,0,0,0
Oceania,,1857,1,1,0,0,0,0,0,0
Oceania,,1858,1,0,0,1,0,0,0,0
Oceania,,1859,1,0,0,1,0,0,0,0
Oceania,,1860,1,0,0,1,0,0,0,0
Oceania,,1861,0,0,0,1,0,0,0,0
Oceania,,1862,0,0,0,1,0,0,0,0
Oceania,,1863,0,0,0,1,0,0,0,0
Oceania,,1864,0,0,0,1,0,0,0,0
Oceania,,1865,0,0,0,1,0,0,0,0
Oceania,,1866,0,0,0,1,0,0,0,0
Oceania,,1867,0,0,0,1,0,0,0,0
Oceania,,1868,0,0,0,1,0,0,0,0
Oceania,,1869,0,0,0,1,0,0,0,0
Oceania,,1870,0,0,0,1,0,0,0,0
Oceania,,1871,0,0,0,1,0,0,0,0
Oceania,,1872,0,0,0,1,0,0,0,0
Oceania,,1873,0,0,0,1,0,0,0,0
Oceania,,1874,0,0,0,1,0,0,0,0
Oceania,,1875,0,0,0,1,0,0,0,0
Oceania,,1876,0,0,0,0,1,0,0,0
Oceania,,1877,0,0,0,0,1,0,0,0
Oceania,,1878,0,0,0,0,1,0,0,0
Oceania,,1879,0,0,0,0,1,0,0,0
Oceania,,1880,0,0,0,0,1,0,0,0
Oceania,,1881,0,0,0,0,1,0,0,0
Oceania,,1882,0,0,0,0,1,0,0,0
Oceania,,1883,0,0,0,0,1,0,0,0
Oceania,,1884,0,0,0,0,1,0,0,0
Oceania,,1885,0,0,0,0,1,0,0,0
Oceania,,1886,0,0,0,0,1,0,0,0
Oceania,,1887,0,0,1,0,1,0,0,0
Oceania,,1888,0,0,1,0,0,1,0,0
Oceania,,1889,0,0,1,0,0,1,0,0
Oceania,,1890,0,0,1,0,0,1,0,0
Oceania,,1891,0,0,1,0,0,1,0,0
Oceania,,1892,0,0,1,0,0,1,0,0
Oceania,,1893,0,0,1,0,0,1,0,0
Oceania,,1894,0,0,1,0,0,1,0,0
Oceania,,1895,0,0,1,0,0,1,0,0
Oceania,,1896,0,0,1,0,0,1,0,0
Oceania,,1897,0,0,1,0,0,1,0,0
Oceania,,1898,0,0,1,0,0,1,0,0
Oceania,,1899,0,0,1,0,0,1,0,0
Oceania,,1900,4,0,1,0,0,1,0,0
Oceania,,1901,4,0,1,0,0,1,0,0
Oceania,,1902,4,0,1,0,0,1,0,0
Oceania,,1903,4,0,1,0,0,1,0,0
Oceania,,1904,4,0,1,0,0,1,0,0
Oceania,,1905,4,0,1,0,0,1,0,0
Oceania,,1906,4,0,1,0,0,1,0,0
Oceania,,1907,4,0,1,0,0,1,0,0
Oceania,,1908,4,0,1,0,0,1,0,0
Oceania,,1909,4,0,1,0,0,1,0,0
Oceania,,1910,4,0,1,0,0,1,0,0
Oceania,,1911,4,0,1,0,0,1,0,0
Oceania,,1912,4,0,1,0,0,1,0,0
Oceania,,1913,4,0,0,1,0,1,0,0
Oceania,,1914,4,0,0,1,0,1,0,0
Oceania,,1915,4,0,0,1,0,1,0,0
Oceania,,1916,4,0,1,1,0,0,0,0
Oceania,,1917,4,0,1,1,0,0,0,0
Oceania,,1918,4,0,0,2,0,0,0,0
Oceania,,1919,4,0,0,2,0,0,0,0
Oceania,,1920,4,0,0,2,0,0,0,0
Oceania,,1921,4,0,0,2,0,0,0,0
Oceania,,1922,4,0,0,2,0,0,0,0
Oceania,,1923,4,0,0,2,0,0,0,0
Oceania,,1924,4,0,0,2,0,0,0,0
Oceania,,1925,4,0,0,2,0,0,0,0
Oceania,,1926,4,0,0,2,0,0,0,0
Oceania,,1927,4,0,0,2,0,0,0,0
Oceania,,1928,4,0,0,2,0,0,0,0
Oceania,,1929,4,0,0,2,0,0,0,0
Oceania,,1930,4,0,0,2,0,0,0,0
Oceania,,1931,4,0,0,1,1,0,0,0
Oceania,,1932,4,0,0,1,1,0,0,0
Oceania,,1933,4,0,0,1,1,0,0,0
Oceania,,1934,4,0,0,1,1,0,0,0
Oceania,,1935,4,0,0,1,1,0,0,0
Oceania,,1936,4,0,0,0,2,0,0,0
Oceania,,1937,4,0,0,0,2,0,0,0
Oceania,,1938,4,0,0,0,2,0,0,0
Oceania,,1939,4,0,0,0,2,0,0,0
Oceania,,1940,4,0,0,0,2,0,0,0
Oceania,,1941,4,0,0,0,2,0,0,0
Oceania,,1942,4,0,0,0,2,0,0,0
Oceania,,1943,4,0,0,0,1,1,0,0
Oceania,,1944,4,0,0,0,1,1,0,0
Oceania,,1945,4,0,0,0,1,1,0,0
Oceania,,1946,4,0,0,0,1,1,0,0
Oceania,,1947,4,0,0,0,1,1,0,0
Oceania,,1948,4,0,0,0,0,2,0,0
Oceania,,1949,4,0,0,0,0,2,0,0
Oceania,,1950,4,0,0,0,0,2,0,0
Oceania,,1951,4,0,0,0,0,2,0,0
Oceania,,1952,4,0,0,0,0,2,0,0
Oceania,,1953,4,0,0,0,0,2,0,0
Oceania,,1954,4,0,0,0,0,2,0,0
Oceania,,1955,4,0,0,0,0,2,0,0
Oceania,,1956,4,0,0,0,0,2,0,0
Oceania,,1957,4,0,0,0,0,2,0,0
Oceania,,1958,4,0,0,0,0,2,0,0
Oceania,,1959,4,0,0,0,0,2,0,0
Oceania,,1960,4,0,0,0,0,2,0,0
Oceania,,1961,4,0,0,0,0,2,0,0
Oceania,,1962,4,0,0,0,0,2,0,0
Oceania,,1963,4,0,0,0,0,2,0,0
Oceania,,1964,4,0,0,0,0,2,0,0
Oceania,,1965,4,0,0,0,0,2,0,0
Oceania,,1966,4,0,0,0,0,2,0,0
Oceania,,1967,3,1,0,0,0,2,0,0
Oceania,,1968,3,1,0,0,0,2,0,0
Oceania,,1969,3,1,0,0,0,2,0,0
Oceania,,1970,3,0,1,0,0,2,0,0
Oceania,,1971,3,0,1,0,0,2,0,0
Oceania,,1972,2,1,1,0,0,2,0,0
Oceania,,1973,2,0,2,0,0,1,1,0
Oceania,,1974,1,1,2,0,0,1,1,0
Oceania,,1975,1,1,2,0,0,1,1,0
Oceania,,1976,1,1,2,0,0,1,1,0
Oceania,,1977,0,2,2,0,0,1,1,0
Oceania,,1978,0,2,2,0,0,0,2,0
Oceania,,1979,0,1,3,0,0,0,2,0
Oceania,,1980,0,0,4,0,0,0,2,0
Oceania,,1981,0,0,4,0,0,0,2,0
Oceania,,1982,0,0,4,0,0,0,2,0
Oceania,,1983,0,0,4,0,0,0,2,0
Oceania,,1984,0,0,4,0,0,0,2,0
Oceania,,1985,0,0,4,0,0,0,2,0
Oceania,,1986,0,0,4,0,0,0,2,0
Oceania,,1987,1,0,3,0,0,0,2,0
Oceania,,1988,1,0,3,0,0,0,2,0
Oceania,,1989,1,0,3,0,0,0,2,0
Oceania,,1990,1,0,3,0,0,0,2,0
Oceania,,1991,1,0,3,0,0,0,2,0
Oceania,,1992,0,1,3,0,0,0,2,0
Oceania,,1993,0,0,4,0,0,0,2,0
Oceania,,1994,0,0,4,0,0,0,2,0
Oceania,,1995,0,0,4,0,0,0,2,0
Oceania,,1996,0,0,4,0,0,0,2,0
Oceania,,1997,0,0,4,0,0,0,2,0
Oceania,,1998,0,0,4,0,0,0,2,0
Oceania,,1999,0,0,4,0,0,0,2,0
Oceania,,2000,1,1,2,0,0,0,2,0
Oceania,,2001,1,1,2,0,0,0,2,0
Oceania,,2002,0,2,2,0,0,0,2,0
Oceania,,2003,0,1,3,0,0,0,1,1
Oceania,,2004,0,0,4,0,0,0,1,1
Oceania,,2005,0,0,4,0,0,0,1,1
Oceania,,2006,0,2,2,0,0,0,1,1
Oceania,,2007,1,1,2,0,0,0,1,1
Oceania,,2008,1,1,2,0,0,0,0,2
Oceania,,2009,1,1,2,0,0,0,0,2
Oceania,,2010,1,1,2,0,0,0,0,2
Oceania,,2011,1,1,2,0,0,0,0,2
Oceania,,2012,1,1,2,0,0,0,0,2
Oceania,,2013,1,1,2,0,0,0,0,2
Oceania,,2014,0,2,2,0,0,0,0,2
Oceania,,2015,0,2,2,0,0,0,0,2
Oceania,,2016,0,2,2,0,0,0,0,2
Oceania,,2017,0,2,2,0,0,0,0,2
Oceania,,2018,0,2,2,0,0,0,0,2
Oceania,,2019,0,2,2,0,0,0,0,2
Oceania,,2020,0,2,2,0,0,0,0,2
Oceania,,2021,0,2,2,0,0,0,0,2
Oceania,,2022,0,2,2,0,0,0,0,2
South America,,1789,4,0,0,0,0,0,0,0
South America,,1790,4,0,0,0,0,0,0,0
South America,,1791,4,0,0,0,0,0,0,0
South America,,1792,4,0,0,0,0,0,0,0
South America,,1793,4,0,0,0,0,0,0,0
South America,,1794,4,0,0,0,0,0,0,0
South America,,1795,4,0,0,0,0,0,0,0
South America,,1796,4,0,0,0,0,0,0,0
South America,,1797,4,0,0,0,0,0,0,0
South America,,1798,4,0,0,0,0,0,0,0
South America,,1799,4,0,0,0,0,0,0,0
South America,,1800,4,0,0,0,0,0,0,0
South America,,1801,4,0,0,0,0,0,0,0
South America,,1802,4,0,0,0,0,0,0,0
South America,,1803,4,0,0,0,0,0,0,0
South America,,1804,4,0,0,0,0,0,0,0
South America,,1805,4,0,0,0,0,0,0,0
South America,,1806,4,0,0,0,0,0,0,0
South America,,1807,4,0,0,0,0,0,0,0
South America,,1808,4,0,0,0,0,0,0,0
South America,,1809,4,0,0,0,0,0,0,0
South America,,1810,5,0,0,0,0,0,0,0
South America,,1811,6,0,0,0,0,0,0,0
South America,,1812,6,0,0,0,0,0,0,0
South America,,1813,6,0,0,0,0,0,0,0
South America,,1814,6,0,0,0,0,0,0,0
South America,,1815,6,0,0,0,0,0,0,0
South America,,1816,6,0,0,0,0,0,0,0
South America,,1817,5,1,0,0,0,0,0,0
South America,,1818,5,1,0,0,0,0,0,0
South America,,1819,5,0,0,0,0,0,0,0
South America,,1820,4,0,0,0,0,0,0,0
South America,,1821,4,1,0,0,0,0,0,0
South America,,1822,4,2,0,0,0,0,0,0
South America,,1823,4,2,0,0,0,0,0,0
South America,,1824,3,2,0,0,0,0,0,0
South America,,1825,5,2,0,0,0,0,0,0
South America,,1826,6,2,0,0,0,0,0,0
South America,,1827,6,2,0,0,0,0,0,0
South America,,1828,6,2,0,0,0,0,0,0
South America,,1829,5,3,0,0,0,0,0,0
South America,,1830,8,2,0,0,0,0,0,0
South America,,1831,6,4,0,0,0,0,0,0
South America,,1832,6,4,0,0,0,0,0,0
South America,,1833,6,4,0,0,0,0,0,0
South America,,1834,6,4,0,0,0,0,0,0
South America,,1835,5,5,0,0,0,0,0,0
South America,,1836,5,5,0,0,0,0,0,0
South America,,1837,4,6,0,0,0,0,0,0
South America,,1838,5,5,0,0,0,0,0,0
South America,,1839,5,5,0,0,0,0,0,0
South America,,1840,6,4,0,0,0,0,0,0
South America,,1841,7,3,0,0,0,0,0,0
South America,,1842,7,3,0,0,0,0,0,0
South America,,1843,7,3,0,0,0,0,0,0
South America,,1844,7,3,0,0,0,0,0,0
South America,,1845,7,3,0,0,0,0,0,0
South America,,1846,7,3,0,0,0,0,0,0
South America,,1847,7,3,0,0,0,0,0,0
South America,,1848,7,3,0,0,0,0,0,0
South America,,1849,8,2,0,0,0,0,0,0
South America,,1850,8,2,0,0,0,0,0,0
South America,,1851,6,4,0,0,0,0,0,0
South America,,1852,6,4,0,0,0,0,0,0
South America,,1853,7,3,0,0,0,0,0,0
South America,,1854,6,4,0,0,0,0,0,0
South America,,1855,6,4,0,0,0,0,0,0
South America,,1856,5,4,0,0,0,0,0,0
South America,,1857,5,4,0,0,0,0,0,0
South America,,1858,6,3,0,0,0,0,0,0
South America,,1859,5,5,0,0,0,0,0,0
South America,,1860,5,5,0,0,0,0,0,0
South America,,1861,7,3,0,0,0,0,0,0
South America,,1862,6,4,0,0,0,0,0,0
South America,,1863,5,5,0,0,0,0,0,0
South America,,1864,6,4,0,0,0,0,0,0
South America,,1865,7,2,0,0,0,0,0,0
South America,,1866,6,3,0,0,0,0,0,0
South America,,1867,7,2,0,0,0,0,0,0
South America,,1868,5,4,0,0,0,0,0,0
South America,,1869,7,3,0,0,0,0,0,0
South America,,1870,6,4,0,0,0,0,0,0
South America,,1871,7,3,0,0,0,0,0,0
South America,,1872,5,5,0,0,0,0,0,0
South America,,1873,7,3,0,0,0,0,0,0
South America,,1874,6,4,0,0,0,0,0,0
South America,,1875,6,3,0,0,0,0,0,0
South America,,1876,7,3,0,0,0,0,0,0
South America,,1877,8,2,0,0,0,0,0,0
South America,,1878,6,3,0,0,0,0,0,0
South America,,1879,8,2,0,0,0,0,0,0
South America,,1880,6,4,0,0,0,0,0,0
South America,,1881,5,5,0,0,0,0,0,0
South America,,1882,4,6,0,0,0,0,0,0
South America,,1883,5,5,0,0,0,0,0,0
South America,,1884,4,6,0,0,0,0,0,0
South America,,1885,6,4,0,0,0,0,0,0
South America,,1886,4,5,0,0,0,0,0,0
South America,,1887,4,5,0,0,0,0,0,0
South America,,1888,4,4,0,0,0,0,0,0
South America,,1889,4,4,0,0,0,0,0,0
South America,,1890,4,4,0,0,0,0,0,0
South America,,1891,5,3,0,0,0,0,0,0
South America,,1892,4,5,0,0,0,0,0,0
South America,,1893,5,4,0,0,0,0,0,0
South America,,1894,3,6,0,0,0,0,0,0
South America,,1895,4,6,0,0,0,0,0,0
South America,,1896,4,6,0,0,0,0,0,0
South America,,1897,3,6,0,0,0,0,0,0
South America,,1898,1,8,0,0,0,0,0,0
South America,,1899,2,8,0,0,0,0,0,0
South America,,1900,4,8,0,0,0,0,0,0
South America,,1901,4,8,0,0,0,0,0,0
South America,,1902,4,8,0,0,0,0,0,0
South America,,1903,4,8,0,0,0,0,0,0
South America,,1904,4,8,0,0,0,0,0,0
South America,,1905,4,8,0,0,0,0,0,0
South America,,1906,5,7,0,0,0,0,0,0
South America,,1907,5,7,0,0,0,0,0,0
South America,,1908,5,7,0,0,0,0,0,0
South America,,1909,6,6,0,0,0,0,0,0
South America,,1910,6,6,0,0,0,0,0,0
South America,,1911,5,7,0,0,0,0,0,0
South America,,1912,5,7,0,0,0,0,0,0
South America,,1913,5,7,0,0,0,0,0,0
South America,,1914,5,7,0,0,0,0,0,0
South America,,1915,4,8,0,0,0,0,0,0
South America,,1916,4,8,0,0,0,0,0,0
South America,,1917,4,8,0,0,0,0,0,0
South America,,1918,4,8,0,0,0,0,0,0
South America,,1919,5,6,1,0,0,0,0,0
South America,,1920,5,6,1,0,0,0,0,0
South America,,1921,4,8,0,0,0,0,0,0
South America,,1922,4,7,1,0,0,0,0,0
South America,,1923,4,6,2,0,0,0,0,0
South America,,1924,5,5,2,0,0,0,0,0
South America,,1925,6,4,2,0,0,0,0,0
South America,,1926,4,5,2,0,0,0,0,0
South America,,1927,5,5,2,0,0,0,0,0
South America,,1928,5,5,2,0,0,0,0,0
South America,,1929,5,5,2,0,0,0,0,0
South America,,1930,8,3,1,0,0,0,0,0
South America,,1931,6,4,1,0,0,0,0,0
South America,,1932,5,5,1,0,0,0,0,0
South America,,1933,7,5,0,0,0,0,0,0
South America,,1934,8,4,0,0,0,0,0,0
South America,,1935,9,3,0,0,0,0,0,0
South America,,1936,9,3,0,0,0,0,0,0
South America,,1937,9,3,0,0,0,0,0,0
South America,,1938,6,6,0,0,0,0,0,0
South America,,1939,5,6,1,0,0,0,0,0
South America,,1940,5,6,1,0,0,0,0,0
South America,,1941,5,6,1,0,0,0,0,0
South America,,1942,5,6,1,0,0,0,0,0
South America,,1943,7,4,1,0,0,0,0,0
South America,,1944,7,3,1,0,0,0,0,0
South America,,1945,7,3,1,0,0,0,0,0
South America,,1946,6,4,1,0,0,0,0,0
South America,,1947,4,5,1,0,0,0,0,0
South America,,1948,5,5,1,0,0,0,0,0
South America,,1949,6,5,1,0,0,0,0,0
South America,,1950,5,4,2,0,0,0,0,0
South America,,1951,5,5,2,0,0,0,0,0
South America,,1952,4,6,2,0,0,0,0,0
South America,,1953,5,5,2,0,0,0,0,0
South America,,1954,5,5,2,0,0,0,0,0
South America,,1955,6,4,2,0,0,0,0,0
South America,,1956,5,5,2,0,0,0,0,0
South America,,1957,5,5,2,0,0,0,0,0
South America,,1958,3,7,2,0,0,0,0,0
South America,,1959,2,6,4,0,0,0,0,0
South America,,1960,2,6,4,0,0,0,0,0
South America,,1961,2,6,4,0,0,0,0,0
South America,,1962,4,4,4,0,0,0,0,0
South America,,1963,2,6,4,0,0,0,0,0
South America,,1964,2,5,5,0,0,0,0,0
South America,,1965,3,4,5,0,0,0,0,0
South America,,1966,2,6,4,0,0,0,0,0
South America,,1967,2,6,4,0,0,0,0,0
South America,,1968,2,6,4,0,0,0,0,0
South America,,1969,2,6,4,0,0,0,0,0
South America,,1970,3,5,4,0,0,0,0,0
South America,,1971,3,4,4,0,0,0,0,0
South America,,1972,4,5,3,0,0,0,0,0
South America,,1973,5,5,2,0,0,0,0,0
South America,,1974,5,4,3,0,0,0,0,0
South America,,1975,5,5,2,0,0,0,0,0
South America,,1976,6,4,2,0,0,0,0,0
South America,,1977,6,4,2,0,0,0,0,0
South America,,1978,6,4,2,0,0,0,0,0
South America,,1979,4,6,2,0,0,0,0,0
South America,,1980,5,5,2,0,0,0,0,0
South America,,1981,5,4,3,0,0,0,0,0
South America,,1982,5,4,3,0,0,0,0,0
South America,,1983,4,5,3,0,0,0,0,0
South America,,1984,4,4,4,0,0,0,0,0
South America,,1985,2,5,4,1,0,0,0,0
South America,,1986,2,4,5,1,0,0,0,0
South America,,1987,2,3,6,1,0,0,0,0
South America,,1988,1,3,7,1,0,0,0,0
South America,,1989,1,3,7,1,0,0,0,0
South America,,1990,0,3,8,1,0,0,0,0
South America,,1991,0,3,8,1,0,0,0,0
South America,,1992,1,2,8,1,0,0,0,0
South America,,1993,1,1,9,1,0,0,0,0
South America,,1994,1,1,9,1,0,0,0,0
South America,,1995,0,2,9,1,0,0,0,0
South America,,1996,0,2,8,2,0,0,0,0
South America,,1997,0,2,8,2,0,0,0,0
South America,,1998,0,1,9,2,0,0,0,0
South America,,1999,0,1,9,2,0,0,0,0
South America,,2000,0,1,9,2,0,0,0,0
South America,,2001,0,0,10,2,0,0,0,0
South America,,2002,0,1,9,2,0,0,0,0
South America,,2003,0,1,9,1,1,0,0,0
South America,,2004,0,1,9,1,1,0,0,0
South America,,2005,0,1,9,1,1,0,0,0
South America,,2006,0,1,9,1,1,0,0,0
South America,,2007,0,1,9,1,1,0,0,0
South America,,2008,0,1,9,1,1,0,0,0
South America,,2009,0,1,9,1,1,0,0,0
South America,,2010,0,1,9,1,1,0,0,0
South America,,2011,0,1,9,1,1,0,0,0
South America,,2012,0,1,9,1,1,0,0,0
South America,,2013,0,1,9,1,1,0,0,0
South America,,2014,0,1,9,0,2,0,0,0
South America,,2015,0,1,9,0,1,1,0,0
South America,,2016,0,1,9,0,1,1,0,0
South America,,2017,0,1,9,0,1,1,0,0
South America,,2018,0,1,9,0,1,1,0,0
South America,,2019,1,1,9,0,0,1,0,0
South America,,2020,0,2,9,0,0,1,0,0
South America,,2021,0,1,10,0,0,1,0,0
South America,,2022,0,1,9,1,0,1,0,0
World,OWID_WRL,1789,50,0,0,0,0,0,0,0
World,OWID_WRL,1790,51,1,0,0,0,0,0,0
World,OWID_WRL,1791,51,1,0,0,0,0,0,0
World,OWID_WRL,1792,50,2,0,0,0,0,0,0
World,OWID_WRL,1793,50,2,0,0,0,0,0,0
World,OWID_WRL,1794,50,2,0,0,0,0,0,0
World,OWID_WRL,1795,50,2,0,0,0,0,0,0
World,OWID_WRL,1796,46,4,0,0,0,0,0,0
World,OWID_WRL,1797,46,4,0,0,0,0,0,0
World,OWID_WRL,1798,46,4,0,0,0,0,0,0
World,OWID_WRL,1799,48,2,0,0,0,0,0,0
World,OWID_WRL,1800,50,2,0,0,0,0,0,0
World,OWID_WRL,1801,49,2,0,0,0,0,0,0
World,OWID_WRL,1802,51,2,0,0,0,0,0,0
World,OWID_WRL,1803,50,2,0,0,0,0,0,0
World,OWID_WRL,1804,50,2,0,0,0,0,0,0
World,OWID_WRL,1805,50,2,0,0,0,0,0,0
World,OWID_WRL,1806,50,2,0,0,0,0,0,0
World,OWID_WRL,1807,52,2,0,0,0,0,0,0
World,OWID_WRL,1808,51,2,0,0,0,0,0,0
World,OWID_WRL,1809,52,2,0,0,0,0,0,0
World,OWID_WRL,1810,51,2,0,0,0,0,0,0
World,OWID_WRL,1811,50,2,0,0,0,0,0,0
World,OWID_WRL,1812,50,2,0,0,0,0,0,0
World,OWID_WRL,1813,52,2,0,0,0,0,0,0
World,OWID_WRL,1814,54,2,0,0,0,0,0,0
World,OWID_WRL,1815,57,2,0,0,0,0,0,0
World,OWID_WRL,1816,57,2,0,0,0,0,0,0
World,OWID_WRL,1817,57,3,0,0,0,0,0,0
World,OWID_WRL,1818,57,3,0,0,0,0,0,0
World,OWID_WRL,1819,57,2,0,0,0,0,0,0
World,OWID_WRL,1820,56,2,0,0,0,0,0,0
World,OWID_WRL,1821,57,3,0,0,0,0,0,0
World,OWID_WRL,1822,58,4,0,0,0,0,0,0
World,OWID_WRL,1823,57,5,0,0,0,0,0,0
World,OWID_WRL,1824,57,4,0,0,0,0,0,0
World,OWID_WRL,1825,59,4,0,0,0,0,0,0
World,OWID_WRL,1826,60,4,0,0,0,0,0,0
World,OWID_WRL,1827,60,4,0,0,0,0,0,0
World,OWID_WRL,1828,60,4,0,0,0,0,0,0
World,OWID_WRL,1829,59,5,0,0,0,0,0,0
World,OWID_WRL,1830,63,4,0,0,0,0,0,0
World,OWID_WRL,1831,62,6,0,0,0,0,0,0
World,OWID_WRL,1832,62,7,0,0,0,0,0,0
World,OWID_WRL,1833,62,7,0,0,0,0,0,0
World,OWID_WRL,1834,63,7,0,0,0,0,0,0
World,OWID_WRL,1835,62,8,0,0,0,0,0,0
World,OWID_WRL,1836,61,9,0,0,0,0,0,0
World,OWID_WRL,1837,60,10,0,0,0,0,0,0
World,OWID_WRL,1838,64,9,0,0,0,0,0,0
World,OWID_WRL,1839,64,10,0,0,0,0,0,0
World,OWID_WRL,1840,66,8,0,0,0,0,0,0
World,OWID_WRL,1841,69,6,0,0,0,0,0,0
World,OWID_WRL,1842,67,8,0,0,0,0,0,0
World,OWID_WRL,1843,67,8,0,0,0,0,0,0
World,OWID_WRL,1844,67,9,0,0,0,0,0,0
World,OWID_WRL,1845,67,9,0,0,0,0,0,0
World,OWID_WRL,1846,69,8,0,0,0,0,0,0
World,OWID_WRL,1847,67,9,0,0,0,0,0,0
World,OWID_WRL,1848,62,16,0,0,0,0,0,0
World,OWID_WRL,1849,63,13,0,1,0,0,0,0
World,OWID_WRL,1850,63,13,0,1,0,0,0,0
World,OWID_WRL,1851,61,14,0,1,0,0,0,0
World,OWID_WRL,1852,62,14,0,1,0,0,0,0
World,OWID_WRL,1853,64,13,0,1,0,0,0,0
World,OWID_WRL,1854,63,14,0,1,0,0,0,0
World,OWID_WRL,1855,63,14,0,1,0,0,0,0
World,OWID_WRL,1856,62,14,0,1,0,0,0,0
World,OWID_WRL,1857,62,14,0,1,0,0,0,0
World,OWID_WRL,1858,63,12,0,2,0,0,0,0
World,OWID_WRL,1859,63,13,0,2,0,0,0,0
World,OWID_WRL,1860,61,13,0,2,0,0,0,0
World,OWID_WRL,1861,61,11,0,2,0,0,0,0
World,OWID_WRL,1862,58,12,0,2,0,0,0,0
World,OWID_WRL,1863,60,11,0,2,0,0,0,0
World,OWID_WRL,1864,60,11,0,2,0,0,0,0
World,OWID_WRL,1865,58,12,0,2,0,0,0,0
World,OWID_WRL,1866,58,12,0,2,0,0,0,0
World,OWID_WRL,1867,55,11,0,1,1,0,0,0
World,OWID_WRL,1868,47,13,0,1,1,0,0,0
World,OWID_WRL,1869,48,13,0,1,1,0,0,0
World,OWID_WRL,1870,45,16,0,1,1,0,0,0
World,OWID_WRL,1871,47,14,0,1,1,0,0,0
World,OWID_WRL,1872,41,16,0,1,1,0,0,0
World,OWID_WRL,1873,42,15,0,1,1,0,0,0
World,OWID_WRL,1874,42,14,1,1,1,0,0,0
World,OWID_WRL,1875,41,14,1,1,1,0,0,0
World,OWID_WRL,1876,42,14,1,0,2,0,0,0
World,OWID_WRL,1877,45,11,1,0,2,0,0,0
World,OWID_WRL,1878,43,13,1,0,2,0,0,0
World,OWID_WRL,1879,44,12,1,0,1,1,0,0
World,OWID_WRL,1880,41,16,1,0,1,1,0,0
World,OWID_WRL,1881,40,17,1,0,1,1,0,0
World,OWID_WRL,1882,38,19,1,0,1,1,0,0
World,OWID_WRL,1883,39,18,1,0,1,1,0,0
World,OWID_WRL,1884,38,19,1,0,1,1,0,0
World,OWID_WRL,1885,42,15,1,0,1,1,0,0
World,OWID_WRL,1886,39,17,1,0,1,1,0,0
World,OWID_WRL,1887,38,17,2,0,1,1,0,0
World,OWID_WRL,1888,38,16,2,0,0,2,0,0
World,OWID_WRL,1889,37,17,2,0,0,2,0,0
World,OWID_WRL,1890,39,15,2,0,0,2,0,0
World,OWID_WRL,1891,40,14,2,0,0,2,0,0
World,OWID_WRL,1892,38,17,2,0,0,2,0,0
World,OWID_WRL,1893,39,16,2,0,0,2,0,0
World,OWID_WRL,1894,37,18,2,0,0,2,0,0
World,OWID_WRL,1895,38,18,2,0,0,2,0,0
World,OWID_WRL,1896,39,17,2,0,0,2,0,0
World,OWID_WRL,1897,37,17,2,1,0,2,0,0
World,OWID_WRL,1898,36,19,2,0,0,2,0,0
World,OWID_WRL,1899,36,20,2,0,0,2,0,0
World,OWID_WRL,1900,95,21,2,1,0,2,0,0
World,OWID_WRL,1901,94,22,2,1,0,2,0,0
World,OWID_WRL,1902,96,21,2,2,0,2,0,0
World,OWID_WRL,1903,99,21,2,2,0,2,0,0
World,OWID_WRL,1904,99,22,3,2,0,2,0,0
World,OWID_WRL,1905,98,22,3,2,0,2,0,0
World,OWID_WRL,1906,101,19,4,2,0,2,0,0
World,OWID_WRL,1907,101,19,4,2,0,2,0,0
World,OWID_WRL,1908,102,18,4,2,0,2,0,0
World,OWID_WRL,1909,102,18,4,2,0,1,1,0
World,OWID_WRL,1910,102,19,4,2,0,1,1,0
World,OWID_WRL,1911,103,21,4,2,0,1,1,0
World,OWID_WRL,1912,101,22,4,2,0,1,1,0
World,OWID_WRL,1913,99,24,3,3,0,1,1,0
World,OWID_WRL,1914,102,24,3,2,0,1,1,0
World,OWID_WRL,1915,102,25,3,2,0,1,1,0
World,OWID_WRL,1916,107,24,4,2,0,0,1,0
World,OWID_WRL,1917,106,25,4,2,0,0,1,0
World,OWID_WRL,1918,110,22,4,4,0,0,1,0
World,OWID_WRL,1919,111,21,7,5,0,0,1,0
World,OWID_WRL,1920,108,24,10,5,1,0,1,0
World,OWID_WRL,1921,103,24,13,6,1,0,1,0
World,OWID_WRL,1922,106,22,14,7,1,0,1,0
World,OWID_WRL,1923,106,20,16,7,1,0,1,0
World,OWID_WRL,1924,107,19,16,7,1,0,1,0
World,OWID_WRL,1925,107,19,15,8,1,0,1,0
World,OWID_WRL,1926,106,20,14,8,1,0,1,0
World,OWID_WRL,1927,111,17,13,8,1,0,1,0
World,OWID_WRL,1928,111,18,13,8,1,0,1,0
World,OWID_WRL,1929,113,16,13,8,1,0,1,0
World,OWID_WRL,1930,115,15,13,7,1,0,1,0
World,OWID_WRL,1931,112,17,13,6,2,0,1,0
World,OWID_WRL,1932,107,19,14,6,1,1,1,0
World,OWID_WRL,1933,109,21,11,6,1,1,1,0
World,OWID_WRL,1934,114,19,9,6,1,1,1,0
World,OWID_WRL,1935,119,15,9,6,1,1,1,0
World,OWID_WRL,1936,118,16,9,4,3,1,1,0
World,OWID_WRL,1937,118,17,8,3,4,1,1,0
World,OWID_WRL,1938,116,19,8,3,4,1,1,0
World,OWID_WRL,1939,116,17,8,2,5,1,0,1
World,OWID_WRL,1940,117,18,6,1,4,0,0,1
World,OWID_WRL,1941,118,18,6,1,4,0,0,1
World,OWID_WRL,1942,118,17,6,1,4,0,0,1
World,OWID_WRL,1943,119,17,5,0,4,1,0,1
World,OWID_WRL,1944,120,16,4,1,4,1,0,1
World,OWID_WRL,1945,116,20,5,1,4,1,0,1
World,OWID_WRL,1946,111,21,5,6,4,1,0,1
World,OWID_WRL,1947,102,29,6,7,4,1,0,1
World,OWID_WRL,1948,107,26,8,7,3,2,0,1
World,OWID_WRL,1949,109,24,8,9,2,3,0,1
World,OWID_WRL,1950,105,24,10,9,2,3,0,1
World,OWID_WRL,1951,107,24,10,9,2,3,0,1
World,OWID_WRL,1952,105,24,11,10,1,4,0,1
World,OWID_WRL,1953,105,24,11,10,1,4,0,1
World,OWID_WRL,1954,105,24,11,10,1,4,0,1
World,OWID_WRL,1955,100,27,12,10,0,5,0,1
World,OWID_WRL,1956,96,31,12,11,0,5,0,1
World,OWID_WRL,1957,90,37,12,11,0,5,0,1
World,OWID_WRL,1958,88,40,11,11,0,5,0,1
World,OWID_WRL,1959,89,38,12,11,0,5,0,1
World,OWID_WRL,1960,80,45,13,11,0,5,0,1
World,OWID_WRL,1961,79,47,13,11,0,5,0,1
World,OWID_WRL,1962,79,46,14,10,1,5,0,1
World,OWID_WRL,1963,74,50,15,10,1,5,0,1
World,OWID_WRL,1964,77,46,16,5,6,5,0,1
World,OWID_WRL,1965,78,45,16,4,7,5,0,1
World,OWID_WRL,1966,80,43,15,5,7,5,0,1
World,OWID_WRL,1967,80,42,16,3,9,5,0,1
World,OWID_WRL,1968,78,42,17,3,9,5,0,1
World,OWID_WRL,1969,81,40,16,4,9,5,0,1
World,OWID_WRL,1970,82,38,16,4,10,5,0,1
World,OWID_WRL,1971,84,38,15,4,10,5,0,1
World,OWID_WRL,1972,84,36,15,4,10,5,0,1
World,OWID_WRL,1973,84,36,15,4,10,4,1,1
World,OWID_WRL,1974,83,38,16,3,10,5,1,1
World,OWID_WRL,1975,81,39,16,3,10,5,1,1
World,OWID_WRL,1976,83,35,15,5,5,10,1,1
World,OWID_WRL,1977,83,35,14,6,4,11,1,1
World,OWID_WRL,1978,85,32,15,6,4,10,2,1
World,OWID_WRL,1979,80,38,16,6,2,11,3,1
World,OWID_WRL,1980,77,38,18,6,2,11,3,1
World,OWID_WRL,1981,78,38,17,6,2,11,3,1
World,OWID_WRL,1982,80,35,18,6,1,11,4,1
World,OWID_WRL,1983,78,37,16,7,1,11,4,1
World,OWID_WRL,1984,77,36,18,6,2,11,4,1
World,OWID_WRL,1985,74,40,17,8,2,10,5,1
World,OWID_WRL,1986,70,43,18,8,1,11,5,1
World,OWID_WRL,1987,72,41,18,7,2,11,5,1
World,OWID_WRL,1988,69,40,22,6,3,11,5,1
World,OWID_WRL,1989,66,44,21,7,3,11,5,1
World,OWID_WRL,1990,63,46,33,9,3,11,5,1
World,OWID_WRL,1991,58,48,35,11,3,11,5,1
World,OWID_WRL,1992,54,50,39,11,3,11,5,1
World,OWID_WRL,1993,50,49,42,13,3,11,5,1
World,OWID_WRL,1994,44,53,44,11,5,11,5,1
World,OWID_WRL,1995,40,55,46,10,6,11,5,1
World,OWID_WRL,1996,34,58,45,13,5,12,5,1
World,OWID_WRL,1997,32,59,48,13,5,12,5,1
World,OWID_WRL,1998,31,59,50,13,5,12,5,1
World,OWID_WRL,1999,34,56,49,15,4,13,5,1
World,OWID_WRL,2000,35,57,46,16,3,14,5,1
World,OWID_WRL,2001,35,54,49,15,4,14,5,1
World,OWID_WRL,2002,29,57,51,15,4,14,5,1
World,OWID_WRL,2003,29,53,53,14,6,14,4,2
World,OWID_WRL,2004,28,52,54,15,6,13,5,2
World,OWID_WRL,2005,26,57,52,16,6,13,5,2
World,OWID_WRL,2006,23,62,49,17,4,10,10,2
World,OWID_WRL,2007,26,62,46,17,4,10,11,2
World,OWID_WRL,2008,24,62,47,15,6,10,10,3
World,OWID_WRL,2009,24,62,47,13,8,8,11,4
World,OWID_WRL,2010,23,60,50,13,7,8,11,4
World,OWID_WRL,2011,23,62,49,11,9,8,11,4
World,OWID_WRL,2012,21,62,51,11,9,7,11,5
World,OWID_WRL,2013,24,63,50,9,8,8,11,5
World,OWID_WRL,2014,23,59,53,8,9,8,11,5
World,OWID_WRL,2015,23,60,54,8,8,9,10,6
World,OWID_WRL,2016,24,58,58,7,6,8,11,6
World,OWID_WRL,2017,24,58,56,7,8,8,11,6
World,OWID_WRL,2018,23,61,55,6,9,7,11,6
World,OWID_WRL,2019,24,62,53,7,7,8,11,6
World,OWID_WRL,2020,24,62,56,7,5,7,11,6
World,OWID_WRL,2021,28,59,58,7,4,6,10,6
World,OWID_WRL,2022,30,58,58,5,5,6,10,6